{
  "schema_version": 1,
  "git_sha": "8cec859dcbdb6b33f5d54186fc946f06f4249e64",
  "git_short": "8cec859",
  "timestamp": "2026-06-03T23:58:15Z",
  "platform": {
    "os": "Linux",
    "arch": "aarch64"
  },
  "toolchain_versions": {
    "go": "go1.26.0",
    "zig": "0.13.0",
    "hyperfine": "1.20.0"
  },
  "toolchains": [
    {
      "label": "go",
      "binary": "/repo/bin/envless",
      "binary_size_bytes": 2752777,
      "build_time_sec": {
        "mean": 0.09295898184,
        "stddev": 0.005635127581821994,
        "min": 0.08304856994,
        "max": 0.10146305694,
        "runs": 10
      },
      "cold_start_sec": {
        "mean": 0.0005516965400000001,
        "stddev": 0.00014851651522923887,
        "min": 0.00040414894,
        "max": 0.00120522994,
        "runs": 50
      },
      "list_latency_sec": {
        "mean": 0.005438677446666667,
        "stddev": 0.0006904060277652455,
        "min": 0.004437298480000001,
        "max": 0.007783329480000001,
        "runs": 30
      },
      "exec_latency_sec": {
        "mean": 0.005275540113333334,
        "stddev": 0.0005624048211485907,
        "min": 0.0045722092800000004,
        "max": 0.007105743280000001,
        "runs": 30
      },
      "peak_rss_bytes": -1,
      "e2e_wallclock_sec": 2.943
    }
  ]
}
